,площадь,упкс,локация
0,62000.0,1.89,Берёзкино
1,16000.0,1.89,Березкино
2,16000.0,1.89,Березкино
3,17200.0,1.89,Кандинка
4,51000.0,0.16,Борики
5,62000.0,1.89,Рыбалово
6,8600.0,1.89,Кандинка
7,8600.0,1.89,Кандинка
8,8011824.0,0.16,Овражное
9,62000.0,1.89,Поросино
10,1000.0,1.89,Кандинка
11,57000.0,1.89,Березкино
12,86000.0,1.51,Губино
13,378000.0,2.72,Кудринский Участок
14,112000.0,2.72,Кудринский Участок
15,120000.0,1.89,Кудринский Участок
16,5022.0,1.89,Аксёново
17,29000.0,1.51,Петрово
18,14000.0,0.52,Попадейкино
19,384000.0,1.89,Кудринский Участок
20,219000.0,2.72,Кудринский Участок
21,180000.0,0.52,Кудринский Участок
22,62500.0,2.72,Рыбалово
23,1600.0,1.4,Зоркальцево
24,62000.0,1.89,Березкино
25,514712.0,2.72,Батурино
26,17200.0,1.89,Кандинка
27,8600.0,1.89,Кандинка
28,8600.0,1.89,Кандинка
29,8600.0,1.89,Кандинка
30,8600.0,1.89,Кандинка
31,8600.0,1.89,Кандинка
32,29000.0,1.51,Петрово
33,8600.0,1.89,Кандинка
34,62000.0,1.89,Поросино
35,253200.0,2.16,Губино
36,8600.0,1.89,Кандинка
37,8600.0,1.89,Кандинка
38,8600.0,1.89,Кандинка
39,10038.0,1.89,Чернышевка
40,63000.0,1.89,Губино
41,63000.0,1.89,Губино
42,1847120.0,2.31,Петропавловка
43,90074.0,1.21,Молодежный
44,400.0,1.98,Кудринский Участок
45,1600.0,1.98,Кудринский Участок
46,62000.0,1.89,Поросино
47,14000.0,0.52,Попадейкино
48,420800.0,1.89,Губино
49,4800.0,1.89,Попадейкино
50,29000.0,1.51,Петрово
51,1056.0,1.89,Берёзкино
52,1000.0,1.89,Берёзкино
53,14000.0,1.89,Попадейкино
54,1000.0,1.89,Берёзкино
55,1000.0,1.89,Берёзкино
56,1000.0,1.51,Лучаново
57,1104.0,1.51,Лучаново
58,953.0,1.51,Лучаново
59,999.0,1.51,Лучаново
60,1000.0,1.51,Лучаново
61,41358.0,1.35,Семилужки
62,26000.0,1.89,Калтай
63,40400.0,2.01,Кудринский Участок
64,53000.0,1.89,Калтай
65,2390200.0,0.52,Калтай
66,17200.0,1.89,Кандинка
67,1250.0,1.4,Зоркальцево
68,78.0,1.4,Зоркальцево
69,1012.0,1.89,Берёзкино
70,62500.0,2.72,Рыбалово
71,108000.0,1.89,Кудринский Участок
72,410669.0,0.16,Половинка
73,1214542.0,1.35,Новоархангельское
74,4080.0,1.21,Кафтанчиково
75,3480000.0,1.4,Кудринский Участок
76,108000.0,2.72,Кудринский Участок
77,54000.0,2.72,Кудринский Участок
78,9300.0,0.52,Попадейкино
79,29000.0,1.51,Петрово
80,82200.0,1.89,Калтай
81,1346800.0,1.89,Губино
82,16000.0,1.89,Губино
83,14000.0,0.52,Попадейкино
84,712697.0,0.16,Моряковский Затон
85,1000.0,1.51,Лучаново
86,1000.0,1.51,Лучаново
87,21827658.0,0.16,Ольговка
88,311000.0,1.51,Губино
89,7886.0,1.89,Чернышевка
90,1510.0,1.47,Кожевниково
91,76827.0,1.51,Чернышевка
92,2652884.0,1.35,Халдеево
93,51000.0,1.51,Лязгино
94,23000.0,1.89,Воронино
95,16453.0,1.21,Сосновый бор
96,23000.0,1.89,Воронино
97,29500.0,0.51,Кафтанчиково
98,8600.0,1.89,Кандинка
99,62000.0,1.89,Березкино
100,16000.0,1.89,Березкино
101,62500.0,2.16,Лаврово
102,33985.0,0.16,Нелюбино
103,64553.0,0.16,Нелюбино
104,9471.0,1.89,Чернышевка
105,226500.0,1.89,Воронино
106,273200.0,1.89,Новомихайловка
107,10600.0,1.89,Воронино
108,82100.0,0.51,Воронино
109,123000.0,1.89,Воронино
110,273200.0,0.51,Воронино
111,12000.0,0.52,Воронино
112,1749766.0,0.16,Корнилово
113,663319.0,0.52,Кисловка
114,45300.0,1.89,Новомихайловка
115,17243050.0,0.16,Чернышевка
116,483912.0,0.16,Кисловка
117,54000.0,1.51,Лязгино
118,3446.0,1.89,Зоркальцево
119,10055.0,1.89,Чернышевка
120,10110.0,1.89,Чернышевка
121,448700.0,1.89,Губино
122,8593738.0,0.16,Наумовка
123,51000.0,1.89,Корнилово
124,54000.0,1.89,Аркашево
125,47000.0,1.4,Калтай
126,7804.0,1.89,Берёзкино
127,1435.0,1.89,Берёзкино
128,1002.0,1.89,Берёзкино
129,999.0,1.89,Берёзкино
130,2082845.0,0.16,Копылово
131,1000.0,1.89,Берёзкино
132,514925.0,0.16,Корнилово
133,1000.0,1.89,Воронино
134,50000.0,1.89,Заречный
135,50000.0,1.89,Заречный
136,12000.0,1.89,Заречный
137,35000.0,1.89,Заречный
138,10000.0,1.89,Корнилово
139,602.0,1.89,Берёзкино
140,999.0,1.89,Берёзкино
141,556.0,1.89,Берёзкино
142,802.0,1.89,Берёзкино
143,1000.0,1.89,Берёзкино
144,1002.0,1.89,Берёзкино
145,601.0,1.89,Берёзкино
146,533364.0,0.16,Корнилово
147,1001.0,1.89,Берёзкино
148,560081.0,0.16,Корнилово
149,241273.0,0.16,Корнилово
150,1141369.0,1.35,Семилужки
151,1051406.0,0.16,Нелюбино
152,1600.0,1.89,Кандинка
153,8600.0,1.89,Кандинка
154,15000.0,1.89,Лязгино
155,25800.0,1.89,Кандинка
156,15000.0,1.89,Лязгино
157,25800.0,1.89,Кандинка
158,10000.0,1.21,Корнилово
159,223600.0,1.89,Мирный
160,281200.0,1.89,Мирный
161,51000.0,1.89,Лязгино
162,621900.0,1.89,Аксеново
163,197815.0,1.21,Ключи
164,50000.0,1.51,Заречный
165,764636.0,0.16,Белоусово
166,502094.0,0.16,Корнилово
167,6695212.0,0.16,Овражное
168,20000.0,1.89,Заречный
169,50000.0,1.21,Межениновка
170,54009.0,1.21,Ключи
171,132.0,1.4,Зоркальцево
172,868.0,1.4,Зоркальцево
173,520.0,1.4,Зоркальцево
174,1087400.0,2.72,Калтай
175,429300.0,1.89,Калтай
176,1000.0,1.89,Воронино
177,1000.0,1.89,Воронино
178,51000.0,1.89,Лязгино
179,58700.0,1.89,Кафтанчиково
180,25000.0,0.67,Калтай
181,184648.0,1.35,Турунтаево
182,1901518.0,0.16,Овражное
183,1000.0,1.89,Берёзкино
184,1000.0,1.89,Берёзкино
185,1000.0,1.89,Берёзкино
186,15099.0,1.89,Берёзкино
187,748.0,1.89,Берёзкино
188,1028.0,1.89,Берёзкино
189,1009.0,1.89,Берёзкино
190,102000.0,1.89,Лязгино
191,8600.0,1.89,Кандинка
192,51000.0,1.89,Корнилово
193,17200.0,1.89,Кандинка
194,8600.0,1.89,Кандинка
195,9400.0,0.67,Мирный
196,10000.0,1.21,Корнилово
197,10000.0,1.21,Корнилово
198,63200.0,2.31,Калтай
199,1003.0,1.89,Берёзкино
200,599.0,1.89,Берёзкино
201,1000.0,1.89,Берёзкино
202,1007.0,1.89,Берёзкино
203,47627.0,1.89,Берёзкино
204,1000.0,1.89,Берёзкино
205,602.0,1.89,Берёзкино
206,1000.0,1.89,Берёзкино
207,1001.0,1.89,Берёзкино
208,599.0,1.89,Берёзкино
209,1000.0,1.89,Берёзкино
210,596.0,1.89,Берёзкино
211,1000.0,1.89,Берёзкино
212,599.0,1.89,Берёзкино
213,1000.0,1.89,Берёзкино
214,1000.0,1.89,Берёзкино
215,1442.0,1.89,Берёзкино
216,1000.0,1.89,Берёзкино
217,1461.0,1.89,Берёзкино
218,1000.0,1.89,Берёзкино
219,1466.0,1.89,Берёзкино
220,1002.0,1.89,Берёзкино
221,3778.0,1.89,Берёзкино
222,999.0,1.89,Берёзкино
223,1037.0,1.89,Берёзкино
224,1000.0,1.89,Берёзкино
225,1001.0,1.89,Берёзкино
226,1000.0,1.89,Воронино
227,6014195.0,0.16,Александровское
228,9968.0,1.89,Чернышевка
229,172000.0,1.51,Губино
230,5556058.0,1.89,Овражное
231,1000.0,1.89,Берёзкино
232,29000.0,1.89,Петрово
233,1000.0,1.89,Берёзкино
234,601.0,1.89,Берёзкино
235,1000.0,1.89,Берёзкино
236,1017.0,1.89,Берёзкино
237,1001.0,1.89,Берёзкино
238,194.0,1.89,Берёзкино
239,1001.0,1.89,Берёзкино
240,1001.0,1.89,Берёзкино
241,862.0,1.89,Берёзкино
242,1453.0,1.89,Берёзкино
243,1001.0,1.89,Берёзкино
244,599.0,1.89,Берёзкино
245,1002.0,1.89,Берёзкино
246,979.0,1.89,Берёзкино
247,1001.0,1.89,Берёзкино
248,601.0,1.89,Берёзкино
249,1001.0,1.89,Берёзкино
250,1001.0,1.89,Берёзкино
251,51000.0,1.89,Корнилово
252,10000.0,1.21,Корнилово
253,546400.0,1.89,Воронино
254,54000.0,1.89,Лязгино
255,432000.0,2.01,Кудринский Участок
256,432000.0,1.35,Кудринский Участок
257,62000.0,1.89,Поросино
258,714487.0,0.16,Калтай
259,1250.0,1.4,Зоркальцево
260,108000.0,1.51,Калтай
261,16000.0,1.89,Березкино
262,1000.0,1.89,Берёзкино
263,1000.0,1.89,Берёзкино
264,5700.0,1.4,Зоркальцево
265,8600.0,1.89,Кандинка
266,9200.0,0.52,Попадейкино
267,29000.0,1.51,Петрово
268,14000.0,0.52,Попадейкино
269,1000.0,1.89,Берёзкино
270,27000.0,1.89,Заречный
271,91000.0,1.89,Заречный
272,30000.0,1.89,Заречный
273,12000.0,1.89,Заречный
274,51000.0,1.89,Корнилово
275,160000.0,1.21,Ключи
276,51000.0,1.89,Лязгино
277,51000.0,1.89,Корнилово
278,51000.0,1.89,Лязгино
279,54000.0,1.89,Аркашево
280,45300.0,1.89,Новомихайловка
281,32246.0,1.35,Калтай
282,60000.0,2.03,Кудринский Участок
283,496000.0,1.89,Губино
284,51000.0,1.89,Лязгино
285,51000.0,1.89,Корнилово
286,45300.0,1.89,Новомихайловка
287,29000.0,1.51,Петрово
288,122800.0,2.03,Кудринский Участок
289,1036.0,1.89,Берёзкино
290,800000.0,2.16,Березкино
291,1000.0,1.89,Берёзкино
292,25000.0,0.67,Калтай
293,104000.0,1.89,Калтай
294,62000.0,1.89,Поросино
295,1620000.0,2.72,Кудринский Участок
296,40000.0,1.89,Межениновка
297,51000.0,1.89,Корнилово
298,15000.0,1.89,Лязгино
299,413600.0,0.51,Воронино
300,22000.0,1.89,Мирный
301,51000.0,1.89,Лязгино
302,51000.0,1.89,Лязгино
303,51000.0,1.89,Лязгино
304,1074500.0,1.89,Нелюбино
305,30000.0,0.51,Воронино
306,150500.0,0.51,Воронино
307,14000.0,0.52,Попадейкино
308,50000.0,1.89,Межениновка
309,51000.0,1.89,Корнилово
310,51000.0,1.89,Мирный
311,316900.0,1.89,Мирный
312,51000.0,1.89,Мирный
313,51000.0,1.89,Лязгино
314,54000.0,1.89,Аркашево
315,15900.0,1.89,Плотниково
316,23900.0,1.89,Новоархангельское
317,23000.0,1.89,Новомихайловка
318,8646356.0,0.16,Рассвет
319,23000.0,1.89,Новомихайловка
320,21840.0,1.89,Кудринский Участок
321,28283.0,1.89,Кудринский Участок
322,84000.0,1.89,Межениновка
323,202000.0,1.89,Заречный
324,14000.0,1.89,Заречный
325,51000.0,1.89,Лязгино
326,9000.0,1.89,Заречный
327,7000.0,1.89,Заречный
328,209000.0,1.89,Заречный
329,54000.0,1.89,Аркашево
330,234000.0,1.89,Заречный
331,51000.0,1.89,Лязгино
332,52000.0,1.89,Межениновка
333,696000.0,1.89,Мирный
334,10000.0,1.89,Лязгино
335,473300.0,0.67,Мирный
336,12000.0,1.89,Заречный
337,51000.0,1.89,Корнилово
338,51000.0,1.4,Лязгино
339,1500.0,1.4,Зоркальцево
340,12000.0,1.89,Заречный
341,10000.0,1.21,Корнилово
342,102000.0,1.89,Корнилово
343,51000.0,1.89,Корнилово
344,15000.0,1.89,Лязгино
345,6000.0,0.52,Воронино
346,12000.0,1.89,Заречный
347,293100.0,1.89,Мирный
348,51000.0,1.89,Лязгино
349,198100.0,1.89,Мирный
350,51000.0,1.89,Лязгино
351,8000.0,1.89,Заречный
352,51000.0,1.89,Лязгино
353,51000.0,1.89,Лязгино
354,15000.0,1.51,Лязгино
355,124000.0,1.89,Кудринский Участок
356,135900.0,1.89,Воронино
357,54000.0,1.51,Лязгино
358,90600.0,1.89,Новомихайловка
359,3200.0,1.89,Заречный
360,51000.0,1.89,Корнилово
361,45300.0,1.89,Новомихайловка
362,46000.0,1.89,Новомихайловка
363,45300.0,1.89,Воронино
364,70000.0,1.35,Овражное
365,22600.0,1.89,Калтай
366,9700232.0,0.16,Рассвет
367,146102.0,0.16,Верхнее Сеченово
368,3399.0,0.16,Вамболы
369,1347000.0,2.72,Аксеново
370,10023.0,1.89,Чернышевка
371,51000.0,1.51,Лязгино
372,9596.0,1.89,Чернышевка
373,51000.0,1.89,Лязгино
374,43000.0,1.51,Губино
375,618605.0,1.35,Тахтамышево
376,62000.0,1.89,Поросино
377,8979.0,1.89,Чернышевка
378,183000.0,1.89,Кудринский Участок
379,348000.0,2.01,Зоркальцево
380,10058.0,1.89,Чернышевка
381,10000.0,1.21,Корнилово
382,14000.0,0.52,Попадейкино
383,10000.0,1.21,Корнилово
384,51000.0,1.89,Лязгино
385,59400.0,1.89,Мирный
386,129200.0,1.89,Мирный
387,34500.0,0.51,Воронино
388,45300.0,0.51,Воронино
389,633600.0,1.89,Мирный
390,51000.0,1.89,Лязгино
391,62000.0,1.89,Губино
392,33060.0,1.89,Корнилово
393,264100.0,1.89,Мирный
394,15000.0,1.51,Лязгино
395,20600.0,1.89,Мирный
396,16000.0,1.89,Губино
397,51000.0,1.89,Лязгино
398,20000.0,1.89,Лязгино
399,1566051.0,0.16,Итатка
400,5000.0,0.2,Торбеево
401,67170.0,1.21,Корнилово
402,16000.0,1.89,Березкино
403,60000.0,1.89,Госконюшня
404,27772.0,0.81,сдт Лесная дача
405,159318.0,2.31,Рассвет
406,118800.0,1.89,Губино
407,28000.0,0.52,Попадейкино
408,47673.0,1.51,Ключи
409,366722.0,0.16,Ольговка
410,29.0,1.89,Аксёново
411,125000.0,1.51,Калтай
412,16101.0,1.21,Зональная Станция
413,50000.0,1.89,Межениновка
414,16000.0,1.89,Березкино
415,6111955.0,0.81,Верхнее Сеченово
416,14000.0,0.52,Попадейкино
417,29000.0,1.51,Петрово
418,102000.0,1.89,Корнилово
419,37196.0,0.67,Мирный
420,11000.0,0.67,Мирный
421,17940.0,1.89,Корнилово
422,67000.0,1.89,Мирный
423,16000.0,1.89,Березкино
424,260637.0,1.49,Тызырачево
425,57000.0,0.67,Мирный
426,102000.0,1.89,Мирный
427,16000.0,1.89,Березкино
428,14000.0,1.89,Заречный
429,50000.0,1.89,Заречный
430,8600.0,1.89,Кандинка
431,53000.0,2.72,Калтай
432,936000.0,1.89,Березкино
433,25800.0,1.89,Кандинка
434,110000.0,1.89,Межениновка
435,8600.0,1.89,Кандинка
436,1375095.0,0.16,Ольговка
437,1000.0,1.89,Берёзкино
438,1000.0,1.89,Берёзкино
439,1000.0,1.89,Берёзкино
440,3560975.0,0.16,Овражное
441,8600.0,1.89,Кандинка
442,2637700.0,0.16,Калтай
443,28330705.0,0.16,Александровское
444,12500.0,1.89,Калтай
445,12500.0,1.89,Калтай
446,1812.0,1.47,Кожевниково
447,1220.0,1.79,Богословка
448,378000.0,2.72,Кудринский Участок
449,10423.0,1.89,Кудринский Участок
450,1600.0,1.4,Зоркальцево
451,2800.0,1.4,Зоркальцево
452,54074.0,1.89,Кудринский Участок
453,5000.0,2.01,Кудринский Участок
454,191000.0,1.89,Воронино
455,15000.0,1.89,Лязгино
456,1493620.0,0.16,Малиновка
457,8600.0,1.89,Кандинка
458,8600.0,1.89,Кандинка
459,8600.0,1.89,Кандинка
460,8600.0,1.89,Кандинка
461,2100.0,1.89,Кандинка
462,12000.0,1.89,Заречный
463,615.0,1.47,Кожевниково
464,8600.0,1.89,Кандинка
465,8600.0,1.89,Кандинка
466,8600.0,1.89,Кандинка
467,1449.0,1.47,Кожевниково
468,50000.0,1.89,Межениновка
469,21570.0,1.4,Ключи
470,1000.0,1.89,Воронино
471,1000.0,1.89,Воронино
472,8600.0,1.89,Кандинка
473,3079025.0,0.16,Кафтанчиково
474,25800.0,1.89,Кандинка
475,8600.0,1.89,Кандинка
476,920395.0,0.16,Кафтанчиково
477,8600.0,1.89,Кандинка
478,342117.0,0.16,Малиновка
479,649521.0,0.16,Мазалово
480,26554000.0,1.23,"""Калтай"""
481,1323364.0,1.35,Батурино
482,333.0,1.35,Халдеево
483,3086300.0,2.72,Аксеново
484,257300.0,1.51,Калтай
485,3000.0,1.51,Корнилово
486,17300.0,1.89,Новомихайловка
487,50000.0,1.89,Межениновка
488,10000.0,1.21,Корнилово
489,51000.0,1.89,Лязгино
490,10000.0,1.21,Корнилово
491,10000.0,1.21,Корнилово
492,17000.0,0.52,Воронино
493,51000.0,1.89,Лязгино
494,102000.0,1.89,Лязгино
495,51000.0,1.89,Корнилово
496,51000.0,1.89,Лязгино
497,56000.0,1.98,Кудринский Участок
498,51000.0,1.4,Лязгино
499,30000.0,1.89,Корнилово
500,51000.0,1.89,Корнилово
501,51000.0,1.89,Лязгино
502,205680.0,1.51,Ключи
503,51000.0,1.89,Корнилово
504,10172.0,1.89,Чернышевка
505,5817.0,1.89,Чернышевка
506,80316.0,1.35,Чернышевка
507,432000.0,1.89,Кудринский Участок
508,249000.0,0.52,Кудринский Участок
509,23000.0,1.51,Петрово
510,1034.0,1.89,Берёзкино
511,1005.0,1.89,Берёзкино
512,1023.0,1.89,Берёзкино
513,9809078.0,0.16,Подломск
514,259198.0,1.21,Барабинка
515,32000.0,1.89,Заречный
516,265000.0,1.89,Калтай
517,34000.0,1.89,Калтай
518,78000.0,1.89,Батурино
519,12000.0,1.89,Заречный
520,12000.0,1.89,Заречный
521,50000.0,1.89,Заречный
522,3334872.0,0.16,Нелюбино
523,764870.0,0.16,Корнилово
524,49200.0,1.4,Калтай
525,27000.0,1.89,Калтай
526,656500.0,1.89,Калтай
527,16000.0,0.81,Калтай
528,214500.0,0.81,Калтай
529,225334.0,1.89,Кудринский Участок
530,172500.0,1.89,Борики
531,8000.0,1.89,Губино
532,561.0,1.98,Тека
533,16000.0,1.89,Березкино
534,10000.0,1.89,Корнилово
535,402000.0,0.52,Кудринский Участок
536,224000.0,2.72,Кудринский Участок
537,531441.0,1.21,Тимирязевское
538,29000.0,1.89,Петрово
539,16000.0,1.4,Калтай
540,62000.0,1.89,Поросино
541,1320.0,1.47,Кожевниково
542,6411345.0,0.16,Ольговка
543,541919.0,0.16,Нелюбино
544,1035800.0,2.72,Аксеново
545,810612.0,0.16,Рыбалово
546,115911.0,0.16,Ольговка
547,4396000.0,1.51,Семилужки
548,370258.0,1.89,Аксеново
549,8532916.0,0.16,Овражное
550,30000.0,1.89,Александровское
551,999176.0,0.16,Малиновка
552,55726.0,1.35,Овражное
553,6353000.0,0.16,Зоркальцево
554,14000.0,1.89,сдт Петрово (д Петрово)
555,303235.0,0.16,Кандинка
556,2616306.0,0.16,Овражное
557,25000.0,1.51,Межениновка
558,204000.0,1.89,Корнилово
559,150000.0,1.89,Межениновка
560,10000.0,1.21,Корнилово
561,51000.0,1.89,Лязгино
562,51000.0,1.89,Корнилово
563,53000.0,2.72,Калтай
564,67581.0,0.16,Корнилово
565,9553.0,1.89,Чернышевка
566,10053.0,1.89,Чернышевка
567,4669550.0,1.21,Рыбалово
568,1279500.0,1.89,Губино
569,9837.0,1.89,Чернышевка
570,285000.0,1.89,Борики
571,38600.0,1.51,Петрово
572,9996.0,1.89,Чернышевка
573,32700.0,1.89,Губино
574,1840000.0,0.52,Кудринский Участок
575,62000.0,1.89,Поросино
576,1000.0,1.89,Берёзкино
577,215600.0,1.89,Кудринский Участок
578,62500.0,2.72,Рыбалово
579,995.0,1.89,Берёзкино
580,1000.0,1.89,Берёзкино
581,994.0,1.89,Берёзкино
582,1000.0,1.89,Берёзкино
583,1000.0,1.89,Берёзкино
584,198000.0,2.72,Калтай
585,503553.0,1.89,Ипатово
586,59400.0,1.89,Зоркальцево
587,424000.0,0.22,Александровское
588,275668.0,0.16,Рыбалово
589,312000.0,0.0,"""Калтай"""
590,53000.0,2.72,Калтай
591,62000.0,2.72,Рыбалово
592,794528.0,0.16,Петухово
593,5667.0,1.89,Берёзкино
594,1000.0,1.89,Берёзкино
595,1000.0,1.89,Берёзкино
596,1002.0,1.89,Берёзкино
597,1000.0,1.89,Берёзкино
598,599.0,1.89,Берёзкино
599,1000.0,1.89,Берёзкино
600,923.0,1.89,Берёзкино
601,759.0,1.89,Берёзкино
602,840.0,1.89,Берёзкино
603,86704.0,0.0,Чернышевка
604,1000.0,1.89,Берёзкино
605,48000.0,0.0,Березкино
606,214435.0,0.16,Заречный
607,560115.0,0.16,Заречный
608,366200.0,1.89,Аксеново
609,90600.0,1.89,Воронино
610,22490.0,1.89,Новоархангельское
611,2003000.0,2.72,Аксеново
612,2630424.0,1.21,Попадейкино
613,342747.0,0.16,Мазалово
614,600.0,1.89,Берёзкино
615,269271.0,1.21,Попадейкино
616,14488.0,1.21,Петрово
617,10000.0,1.89,Межениновка
618,50000.0,1.89,Межениновка
619,51000.0,1.89,Лязгино
620,478369.0,0.52,Кисловка
621,50000.0,1.89,Межениновка
622,51000.0,1.89,Корнилово
623,23290000.0,2.31,Георгиевка
624,51000.0,1.89,Лязгино
625,50000.0,1.89,Межениновка
626,102000.0,1.89,Корнилово
627,1000.0,1.89,Воронино
628,51000.0,1.89,Корнилово
629,10000.0,1.21,Корнилово
630,51000.0,1.21,Корнилово
631,153000.0,1.89,Лязгино
632,13100.0,1.51,Новомихайловка
633,51000.0,1.89,Лязгино
634,54000.0,2.72,Лязгино
635,51000.0,1.89,Корнилово
636,10000.0,1.21,Корнилово
637,50000.0,1.89,Межениновка
638,51000.0,1.89,Лязгино
639,51000.0,1.51,Лязгино
640,52900.0,0.09,Коломинские Гривы
641,31000.0,1.89,Лязгино
642,70000.0,1.35,Овражное
643,3422836.0,0.16,Овражное
644,1465858.0,0.16,Малиновка
645,8630.0,1.89,Кандинка
646,12500.0,1.89,Калтай
647,8892044.0,1.89,Овражное
648,25800.0,1.89,Кандинка
649,1499681.0,0.16,Рыбалово
650,1740000.0,1.51,Губино
651,138000.0,1.89,Кудринский Участок
652,432000.0,0.52,Кудринский Участок
653,22000.0,2.01,Кудринский Участок
654,150000.0,0.16,Петрово
655,291273.0,0.16,Кудринский Участок
656,8600.0,1.89,Кандинка
657,8600.0,1.89,Кандинка
658,8600.0,1.89,Кандинка
659,6283519.0,0.59,Петропавловка
660,8600.0,1.89,Кандинка
661,103801.0,1.21,Молодежный
662,1330.0,0.16,Заречный
663,8600.0,1.89,Кандинка
664,1460.0,1.47,Кожевниково
665,6530000.0,1.4,Черная Речка
666,1835200.0,1.89,Аксеново
667,200000.0,1.89,Борики
668,29000.0,1.89,Петрово
669,1443608.0,0.16,Петухово
670,51000.0,1.89,Корнилово
671,51000.0,1.89,Лязгино
672,51000.0,1.89,Корнилово
673,51000.0,1.89,Корнилово
674,51000.0,1.89,Корнилово
675,14200.0,0.67,Мирный
676,1370826.0,0.16,Ольговка
677,118233.0,0.16,Аркашево
678,433009.0,0.16,Корнилово
679,1001.0,1.89,Берёзкино
680,599.0,1.89,Берёзкино
681,1000.0,1.89,Берёзкино
682,599.0,1.89,Берёзкино
683,1000.0,1.89,Берёзкино
684,1000.0,1.89,Берёзкино
685,600.0,1.89,Берёзкино
686,1001.0,1.89,Берёзкино
687,5000.0,1.89,Лязгино
688,28300705.0,0.52,Александровское
689,9000.0,1.89,Лязгино
690,256000.0,1.89,Корнилово
691,15000.0,1.89,Лязгино
692,2439360.0,1.35,Овражное
693,6683678.0,0.16,окр. д. Овражное
694,1149621.0,0.16,Коларово
695,51000.0,1.89,Лязгино
696,34400.0,1.89,Кандинка
697,234800.0,1.89,Калтай
698,29000.0,0.81,Калтай
699,16000.0,0.81,Калтай
700,17200.0,1.89,Кандинка
701,9354981.0,0.16,Рассвет
702,1000.0,1.89,Берёзкино
703,1001.0,1.89,Берёзкино
704,1461.0,1.89,Берёзкино
705,1000.0,1.89,Берёзкино
706,1000.0,1.89,Берёзкино
707,599.0,1.89,Берёзкино
708,1000.0,1.89,Берёзкино
709,1000.0,1.89,Берёзкино
710,1047.0,1.89,Берёзкино
711,601.0,1.89,Берёзкино
712,784.0,1.89,Берёзкино
713,1464.0,1.89,Берёзкино
714,601.0,1.89,Берёзкино
715,1001.0,1.89,Берёзкино
716,998.0,1.89,Берёзкино
717,174000.0,1.89,Березкино
718,12500.0,1.89,Калтай
719,8600.0,1.89,Кандинка
720,8600.0,1.89,Кандинка
721,12500.0,1.89,Калтай
722,8600.0,1.89,Кандинка
723,12500.0,1.89,Калтай
724,53000.0,2.72,Кандинка
725,165328.0,1.35,Семилужки
726,5920.0,1.21,Кафтанчиково
727,432000.0,1.89,Кудринский Участок
728,720754.0,173.49,Корнилово
729,10054.0,1.89,Чернышевка
730,13170.0,1.89,Чернышевка
731,9945.0,1.89,Чернышевка
732,62000.0,1.89,Поросино
733,108000.0,2.72,Кудринский Участок
734,108000.0,2.72,Кудринский Участок
735,2484.0,0.16,Аркашево
736,51000.0,1.89,Корнилово
737,51000.0,1.89,Лязгино
738,1198211.0,0.16,Половинка
739,11026.0,1.35,Калтай
740,9300.0,0.52,Попадейкино
741,62000.0,2.72,Нелюбино
742,29000.0,1.51,Петрово
743,196251.0,0.16,Корнилово
744,3018.0,0.98,Иловка
745,134767.0,1.21,Вершинино
746,5940000.0,1.89,Новоархангельское
747,21000.0,1.51,Межениновка
748,3500.0,1.4,Зоркальцево
749,1100.0,0.67,Зоркальцево
750,151529.0,0.16,Корнилово
751,875624.0,0.16,Корнилово
752,62000.0,1.89,Березкино
753,24000.0,1.89,Межениновка
754,16000.0,1.89,Березкино
755,16000.0,1.89,Березкино
756,16000.0,1.89,Березкино
757,16000.0,1.89,Березкино
758,12000.0,1.89,Межениновка
759,8600.0,1.89,Кандинка
760,8600.0,1.89,Кандинка
761,2035000.0,1.89,Аксеново
762,53000.0,2.72,Калтай
763,79800.0,1.51,Кафтанчиково
764,53000.0,2.72,Калтай
765,53000.0,1.89,Калтай
766,8600.0,1.89,Кандинка
767,8600.0,1.89,Кандинка
768,45300.0,1.89,Новомихайловка
769,812500.0,1.98,Рыбалово
770,3309400.0,1.89,Подломск
771,3000.0,1.21,Корнилово
772,357000.0,1.51,Корнилово
773,59915.0,1.81,Елгай
774,8600.0,1.89,Кандинка
775,1305300.0,0.16,Калтай
776,8600.0,1.89,Кандинка
777,8600.0,1.89,Кандинка
778,2917703.0,0.16,Итатка
779,23000.0,1.89,Новомихайловка
780,1815960.0,0.16,Копылово
781,6434038.0,0.16,Ольговка
782,3000.0,1.21,Корнилово
783,68500.0,1.89,Воронино
784,6957.0,0.16,Овражное
785,68500.0,1.89,Воронино
786,142300.0,1.89,Воронино
787,1001.0,1.89,Берёзкино
788,1000.0,1.89,Берёзкино
789,1000.0,1.89,Берёзкино
790,1429.0,1.89,Берёзкино
791,838.0,1.89,Берёзкино
792,1002.0,1.89,Берёзкино
793,802.0,1.89,Берёзкино
794,601.0,1.89,Берёзкино
795,1000.0,1.89,Берёзкино
796,803.0,1.89,Берёзкино
797,1312.0,1.89,Берёзкино
798,800.0,1.89,Берёзкино
799,602.0,1.89,Берёзкино
800,1000.0,1.89,Берёзкино
801,1000.0,1.89,Берёзкино
802,601.0,1.89,Берёзкино
803,1002.0,1.89,Берёзкино
804,3000.0,1.89,Заречный
805,34000.0,1.89,Заречный
806,12000.0,1.89,Заречный
807,33000.0,1.51,Воронино
808,6270000.0,1.51,Яр
809,45300.0,0.51,Воронино
810,51000.0,1.89,Корнилово
811,685069.0,0.16,Корнилово
812,8600.0,1.89,Кандинка
813,17200.0,1.89,Кандинка
814,952.0,1.89,Берёзкино
815,8600.0,1.89,Кандинка
816,53000.0,2.72,Калтай
817,1758194.0,0.16,Александровское
818,999.0,1.47,Кожевниково
819,923702.0,1.35,Чёрная Речка
820,1000.0,1.89,Воронино
821,1000.0,1.89,Воронино
822,9980.0,1.89,Чернышевка
823,1048.0,1.89,Берёзкино
824,237100.0,1.51,Калтай
825,9700.0,1.89,Петровский Участок
826,294000.0,0.52,Кудринский Участок
827,232000.0,1.89,Кудринский Участок
828,62000.0,1.89,Поросино
829,2340.0,1.89,Зоркальцево
830,62000.0,1.89,Поросино
831,16000.0,1.89,Березкино
832,16000.0,1.89,Березкино
833,400000.0,1.89,Борики
834,16000.0,1.89,Березкино
835,29000.0,1.51,Петрово
836,29000.0,1.89,Борики
837,106500.0,1.89,Губино
838,2956891.0,0.16,Итатка
839,360838.0,1.35,Турунтаево
840,827700.0,1.89,Калтай
841,1258500.0,1.89,Калтай
842,36780.0,1.4,Калтай
843,117300.0,1.51,Семилужки
844,65000.0,1.89,Госконюшня
845,53000.0,1.89,Калтай
846,4000.0,1.89,Кандинка
847,8600.0,1.89,Кандинка
848,78000.0,1.89,Калтай
849,78000.0,0.52,Калтай
850,50000.0,1.51,Калтай
851,1061200.0,2.72,Калтай
852,18204107.0,0.16,Козюлино
853,1076.0,1.47,Кожевниково
854,245603.0,0.16,Кафтанчиково
855,26000.0,0.98,Михайловка
856,1964988.0,0.16,Овражное
857,1463.0,1.89,Берёзкино
858,10069.0,1.89,Чернышевка
859,10225.0,1.89,Чернышевка
860,51376.0,0.16,Рыбалово
861,58000.0,1.89,Борики
862,216000.0,2.72,Кудринский Участок
863,2693407.0,0.16,Чернышевка
864,9300.0,0.52,Попадейкино
865,29000.0,1.89,Зоркальцево
866,29000.0,1.89,Борики
867,14000.0,0.52,Попадейкино
868,9891.0,1.89,Чернышевка
869,14000.0,0.52,Попадейкино
870,4292611.0,1.21,Попадейкино
871,128300.0,1.89,Зоркальцево
872,9486.0,1.89,Чернышевка
873,10058.0,1.89,Чернышевка
874,724900.0,1.89,Калтай
875,8000.0,0.16,Калтай
876,9000.0,0.52,Калтай
877,8600.0,1.89,Кандинка
878,8600.0,1.89,Кандинка
879,17100.0,0.81,Калтай
880,17200.0,1.89,Кандинка
881,8600.0,1.89,Кандинка
882,16578.0,1.98,тека
883,2400.0,1.89,Кандинка
884,8651174.0,0.16,Яр
885,8600.0,1.89,Кандинка
886,8600.0,1.89,Кандинка
887,19000.0,0.52,Калтай
888,62500.0,2.72,Рыбалово
889,25800.0,1.89,Кандинка
890,696200.0,2.31,Калтай
891,23000.0,1.89,Новомихайловка
892,62000.0,1.89,Заречный
893,62000.0,1.89,Заречный
894,23000.0,1.89,Новомихайловка
895,106000.0,1.89,Калтай
896,1937100.0,0.0,Барабинка
897,1723000.0,1.89,Калтай
898,28920.0,1.21,Калтай
899,1250.0,1.4,Зоркальцево
900,53000.0,2.72,Калтай
901,8600.0,1.89,Кандинка
902,153.0,1.4,Зоркальцево
903,25800.0,1.89,Кандинка
904,2100.0,1.89,Кандинка
905,1045370.0,1.89,Ипатово
906,1508581.0,0.16,Петухово
907,8600.0,1.89,Кандинка
908,8600.0,1.89,Кандинка
909,1764599.0,2.31,Батурино (окрестности)
910,9400.0,1.89,Мирный
911,51000.0,1.89,Лязгино
912,845.0,1.21,Корнилово
913,840.0,1.21,Корнилово
914,1040.0,1.21,Корнилово
915,829.0,1.21,Корнилово
916,832.0,1.21,Корнилово
917,843.0,1.21,Корнилово
918,1000.0,1.21,Новомихайловка
919,51000.0,1.89,Корнилово
920,1000.0,1.89,Берёзкино
921,1348280.0,0.16,Александровское
922,30496056.0,0.16,Александровское
923,3589.0,1.89,Берёзкино
924,1208.0,1.89,Берёзкино
925,930.0,1.89,Берёзкино
926,1290400.0,0.67,Мирный
927,130068.0,1.51,Ключи
928,57652.0,0.98,Иловка
929,64000.0,0.51,Воронино
930,1466.0,1.47,Кожевниково
931,51000.0,1.89,Корнилово
932,10000.0,1.89,Заречный
933,2937150.0,0.81,Верхнее Сеченово
934,51000.0,1.89,Лязгино
935,51000.0,1.89,Корнилово
936,5000.0,1.21,Корнилово
937,53000.0,2.72,Кандинка
938,26000.0,1.89,Заречный
939,8600.0,1.89,Кандинка
940,8600.0,1.89,Кандинка
941,1000.0,1.89,Берёзкино
942,183195.0,0.16,Рассвет
943,43000.0,1.89,Кандинка
944,121000.0,1.89,Березкино
945,324000.0,1.89,Нелюбино
946,486000.0,1.89,Нелюбино
947,52087.0,0.98,Богословка
948,324000.0,2.72,Нелюбино
949,10500.0,1.89,Лязгино
950,26600.0,1.89,Новомихайловка
951,6800.0,1.51,Новомихайловка
952,124000.0,1.89,Нелюбино
953,2000.0,1.89,Зоркальцево
954,37149.0,1.79,Богословка
955,2000.0,1.89,Зоркальцево
956,378000.0,2.72,Нелюбино
957,309600.0,1.89,Кандинка
958,33200.0,1.89,Воронино
959,31883809.0,0.16,Александровское
960,2777300.0,1.89,Аксеново
961,2740900.0,1.89,Аксеново
962,115000.0,1.21,Ключи
963,78000.0,1.89,Батурино
964,26000.0,1.89,Батурино
965,8600.0,1.89,Кандинка
966,29000.0,0.81,Борики
967,8600.0,1.89,Кандинка
968,47882.0,1.51,Ключи
969,924.0,2.08,Кожевниково 14
970,2000.0,1.89,Зоркальцево
971,78000.0,0.81,Калтай
972,62000.0,1.89,Поросино
973,63000.0,1.89,Заречный
974,246000.0,1.89,Заречный
975,166000.0,1.89,Заречный
976,70000.0,1.89,Калтай
977,5000.0,1.89,Заречный
978,50000.0,1.89,Заречный
979,632600.0,1.89,Мирный
980,433000.0,0.67,Мирный
981,275200.0,0.67,Мирный
982,14000.0,1.89,Заречный
983,173259.0,1.51,Ключи
984,35000.0,1.89,Заречный
985,96000.0,1.89,Заречный
986,51000.0,1.51,Лязгино
987,1024000.0,2.72,Мирный
988,3456648.0,1.35,Итатка
989,791500.0,1.89,Мирный
990,290000.0,1.21,Межениновка
991,95149.0,1.81,Елгай
992,7000.0,0.81,Борики
993,360.0,1.81,Елгай
994,1243000.0,0.67,Мирный
995,1700.0,1.89,Заречный
996,69000.0,1.89,Воронино
997,51000.0,1.4,Лязгино
998,5000.0,1.4,Лязгино
999,2000.0,1.89,Зоркальцево
1000,432000.0,1.89,Нелюбино
1001,432000.0,1.89,Нелюбино
1002,378000.0,1.89,Нелюбино
1003,378000.0,2.72,Нелюбино
1004,378000.0,1.89,Кудринский Участок
1005,51000.0,1.89,Лязгино
1006,200000.0,2.72,Нелюбино
1007,11000.0,1.89,Заречный
1008,510000.0,1.89,Лязгино
1009,434000.0,1.89,Нелюбино
1010,324000.0,2.72,Нелюбино
1011,124000.0,1.89,Нелюбино
1012,156000.0,0.67,Зоркальцево
1013,224000.0,2.72,Нелюбино
1014,12700.0,1.51,Новомихайловка
1015,33000.0,1.89,Новомихайловка
1016,14000.0,1.89,Лязгино
1017,5000.0,1.51,Новомихайловка
1018,1000.0,1.89,Заречный
1019,35800.0,1.89,Заречный
1020,50000.0,1.89,Межениновка
1021,3728.0,1.35,Калтай
1022,723477.0,0.16,Межениновка
1023,199451.0,0.16,Межениновка
1024,2403502.0,0.16,Чернышевка
1025,6887725.0,0.16,Овражное
1026,156000.0,1.89,Батурино
1027,15000.0,1.21,Корнилово
1028,1000.0,1.89,Берёзкино
1029,9000.0,1.89,Заречный
1030,3000.0,1.89,Заречный
1031,17200.0,1.89,Кандинка
1032,1547.0,1.47,Кожевниково
1033,2000.0,1.89,Зоркальцево
1034,200500.0,1.89,Берёзкино
1035,528439.0,1.89,Кафтанчиково
1036,2000.0,1.89,Кандинка
1037,8038.0,1.21,Корнилово
1038,2153.0,1.21,Кисловка
1039,906.0,1.35,Берёзкино
1040,5578646.0,2.72,Лучаново
1041,10000.0,1.21,Корнилово
1042,8600.0,1.89,Кандинка
1043,3934.0,1.21,Кафтанчиково
1044,802.0,2.17,Губино
1045,824.0,2.17,Губино
1046,800.0,2.17,Губино
1047,802.0,2.17,Губино
1048,801.0,2.17,Губино
1049,805.0,2.17,Губино
1050,6230.0,2.17,Губино
1051,803.0,2.17,Губино
1052,600.0,2.17,Губино
1053,362400.0,0.51,Воронино
1054,226500.0,1.89,Воронино
1055,77000.0,0.51,Воронино
1056,39300.0,1.89,Воронино
1057,51000.0,1.21,Корнилово
1058,29000.0,1.89,Воронино
1059,802.0,2.17,Губино
1060,600.0,2.17,Губино
1061,668.0,2.17,Губино
1062,800.0,2.17,Губино
1063,844.0,2.17,Губино
1064,688.0,2.17,Губино
1065,842.0,2.17,Губино
1066,600.0,2.17,Губино
1067,150000.0,1.51,Калтай
1068,1301.0,2.08,Кожевниково 16
1069,225110.0,1.89,Берёзкино
1070,183000.0,2.72,Калтай
1071,430000.0,1.89,Губино
1072,6000.0,1.21,Корнилово
1073,2994171.0,0.16,Межениновка
1074,1468.0,1.89,Берёзкино
1075,1000.0,1.89,Берёзкино
1076,599.0,1.89,Берёзкино
1077,1002.0,1.89,Берёзкино
1078,1001.0,1.89,Берёзкино
1079,1000.0,1.89,Берёзкино
1080,1454.0,1.89,Берёзкино
1081,605.0,1.89,Берёзкино
1082,1004.0,1.89,Берёзкино
1083,1000.0,1.89,Берёзкино
1084,868.0,1.89,Берёзкино
1085,1000.0,1.89,Берёзкино
1086,858.0,1.89,Берёзкино
1087,1000.0,1.89,Берёзкино
1088,1000.0,1.89,Берёзкино
1089,1000.0,1.89,Берёзкино
1090,875.0,1.89,Берёзкино
1091,1460.0,1.89,Берёзкино
1092,432000.0,2.72,Нелюбино
1093,375000.0,1.89,Заречный
1094,4200.0,1.51,Новомихайловка
1095,9800.0,1.51,Новомихайловка
1096,14000.0,1.89,Воронино
1097,16800.0,1.51,Новомихайловка
1098,271800.0,1.89,Воронино
1099,36300.0,1.89,Новомихайловка
1100,8000.0,1.89,Заречный
1101,9000.0,1.89,Корнилово
1102,1000.0,1.89,Берёзкино
1103,62000.0,1.89,Березкино
1104,1186.0,1.89,Берёзкино
1105,1000.0,1.89,Берёзкино
1106,51000.0,1.89,Корнилово
1107,56000.0,1.89,Воронино
1108,42000.0,1.51,Губино
1109,42000.0,1.51,Губино
1110,14000.0,0.52,Попадейкино
1111,3000.0,1.89,Корнилово
1112,3000.0,1.89,Корнилово
1113,51000.0,1.89,Корнилово
1114,14000.0,0.52,Попадейкино
1115,435000.0,1.89,Губино
1116,104965.0,1.35,Зоркальцево
1117,200000.0,1.21,Богашево
1118,823.0,2.17,Губино
1119,600.0,2.17,Губино
1120,802.0,2.17,Губино
1121,807.0,2.17,Губино
1122,801.0,2.17,Губино
1123,800.0,2.17,Губино
1124,882.0,1.4,Зоркальцево
1125,51000.0,1.89,Корнилово
1126,14716.0,1.21,Кафтанчиково
1127,507000.0,1.35,Лучаново
1128,1000.0,1.89,Берёзкино
1129,50000.0,0.16,села Зоркальцево
1130,50000.0,1.89,Калтай
1131,35514.0,0.16,Кафтанчиково
1132,50000.0,2.72,Лучаново
1133,29000.0,1.51,Петрово
1134,29000.0,1.51,Петрово
1135,20034882.0,2.01,Карбышево
1136,4431.0,1.21,Кисловка
1137,968.0,2.17,Губино
1138,600.0,2.17,Губино
1139,608.0,2.17,Губино
1140,600.0,2.17,Губино
1141,830.0,2.17,Губино
1142,1079572.0,1.21,Кисловка
1143,600.0,2.17,Губино
1144,800.0,2.17,Губино
1145,602.0,2.17,Губино
1146,53000.0,1.89,Калтай
1147,58000.0,1.51,Петрово
1148,29000.0,1.89,Петрово
1149,1678.0,1.21,Корнилово
1150,14000.0,0.52,Попадейкино
1151,83381.0,1.79,Богословка
1152,9558666.0,1.23,Батурино
1153,225015.0,1.51,Лучаново
1154,1157400.0,0.67,Мирный
1155,350000.0,1.89,Мирный
1156,19501.0,1.21,Кисловка
1157,1106599.0,1.21,Кисловка
1158,90600.0,1.89,Новомихайловка
1159,1084.0,2.17,Губино
1160,800.0,2.17,Губино
1161,827.0,2.17,Губино
1162,681.0,2.17,Губино
1163,843.0,2.17,Губино
1164,600.0,2.17,Губино
1165,11548.0,1.21,Корнилово
1166,28200.0,1.89,Воронино
1167,27100.0,1.89,Воронино
1168,79600.0,0.67,Мирный
1169,51000.0,1.89,Лязгино
1170,68300.0,1.51,Богашево
1171,552.0,1.35,Зональная Станция
1172,249.0,1.35,Зональная Станция
1173,15547.0,0.67,Мирный
1174,43000.0,1.89,Попадейкино
1175,28000.0,0.52,Попадейкино
1176,477252.0,1.21,Попадейкино
1177,16000.0,1.89,Зоркальцево
1178,108000.0,1.89,Калтай
1179,230000.0,1.89,Калтай
1180,8065.0,1.21,Корнилово
1181,3329111.0,1.23,Мазалово
1182,1622509.0,1.21,Кисловка
1183,15569.0,1.21,Кафтанчиково
1184,61743.0,0.67,Мирный
1185,598.0,1.89,Берёзкино
1186,790100.0,1.51,Мирный
1187,565100.0,1.89,Мирный
1188,1814806.0,1.35,Овражное
1189,156000.0,1.89,Аркашево
1190,800000.0,1.89,Мирный
1191,29000.0,1.89,Петрово
1192,17200.0,1.89,Кандинка
1193,7105.0,499.5,Кисловка
1194,717000.0,0.67,Мирный
1195,56506385.55,1.23,"АОЗТ ""Агрофирма ""Петрово"""
1196,732100.0,0.67,Мирный
1197,100000.0,1.89,Межениновка
1198,7533.0,1.21,Корнилово
1199,577.0,1.89,Зоркальцево
1200,11100.0,1.21,Кафтанчиково
1201,840.0,2.17,Губино
1202,854.0,2.17,Губино
1203,213918.0,0.16,Итатка
1204,216000.0,2.72,Нелюбино
1205,600.0,1.21,Корнилово
1206,8600.0,1.89,Кандинка
1207,3919.0,0.16,Кафтанчиково
1208,29000.0,1.51,Петрово
1209,848.0,1.21,Корнилово
1210,823.0,1.21,Корнилово
1211,78000.0,1.89,Зоркальцево
1212,14000.0,0.52,Попадейкино
1213,29000.0,1.51,Петрово
1214,1000.0,1.89,Берёзкино
1215,51000.0,1.89,Лязгино
1216,81200.0,1.89,Воронино
1217,50000.0,1.89,Межениновка
1218,51000.0,1.89,Лязгино
1219,51000.0,1.89,Лязгино
1220,45300.0,1.89,Воронино
1221,1000.0,1.89,Берёзкино
1222,432.0,1.21,Кисловка
1223,253.0,1.21,Корнилово
1224,992.0,1.21,Корнилово
1225,2872.0,1.21,Корнилово
1226,821.0,1.21,Корнилово
1227,177.0,1.21,Корнилово
1228,2990.0,1.21,Корнилово
1229,1678.0,1.21,Корнилово
1230,8600.0,1.89,Кандинка
1231,156000.0,1.89,Калтай
1232,202000.0,1.89,Кудринский Участок
1233,10000.0,1.89,Кудринский Участок
1234,10000.0,1.89,Кудринский Участок
1235,10000.0,1.89,Кудринский Участок
1236,335173.0,1.35,Богашево
1237,1644.0,1.21,Корнилово
1238,422100.0,1.89,Воронино
1239,546400.0,1.89,Воронино
1240,62000.0,1.89,Поросино
1241,1069572.0,1.21,Кисловка
1242,899.0,1.35,Берёзкино
1243,10139.0,1.4,Кафтанчиково
1244,25000.0,1.89,Калтай
1245,232283.0,1.21,Кандинка
1246,75453.0,1.21,Барабинка
1247,16000.0,1.89,Калтай
1248,108000.0,1.89,Лязгино
1249,156000.0,1.89,Березкино
1250,632832.0,1.21,Кандинка
1251,16000.0,1.89,Зоркальцево
1252,58577.0,1.4,Кафтанчиково
1253,5628658.0,2.72,Лучаново
1254,15978.0,1.21,Кисловка
1255,3703.0,1.21,Корнилово
1256,432000.0,2.72,Нелюбино
1257,1015.0,1.89,Зоркальцево
1258,328302.0,0.16,Итатка
1259,50000.0,1.89,Межениновка
1260,160100.0,1.89,Кудринский Участок
1261,124000.0,1.89,Поросино
1262,54000.0,2.72,Кудринский Участок
1263,14000.0,0.52,Попадейкино
1264,2000.0,1.89,Кандинка
1265,106000.0,2.72,Калтай
1266,800.0,2.17,Губино
1267,828.0,2.17,Губино
1268,874.0,2.17,Губино
1269,4466.0,1.21,Корнилово
1270,12800.0,1.21,Рассвет
1271,826.0,1.21,Корнилово
1272,826.0,1.21,Корнилово
1273,861.0,1.21,Корнилово
1274,88000.0,1.89,Зоркальцево
1275,259483.0,1.21,Кисловка
1276,62000.0,1.89,Кудринский Участок
1277,8600.0,1.89,Кандинка
1278,5000.0,1.35,Межениновка
1279,8019.0,1.21,Корнилово
1280,197100.0,0.67,Мирный
1281,86000.0,1.89,Губино
1282,51000.0,1.23,Корнилово
1283,37200.0,1.89,Заречный
1284,17800.0,1.89,Заречный
1285,1136.0,1.51,Лучаново
1286,846.0,1.51,Лучаново
1287,850.0,1.51,Лучаново
1288,967.0,1.51,Лучаново
1289,916.0,1.51,Лучаново
1290,858.0,1.51,Лучаново
1291,857.0,1.51,Лучаново
1292,1025.0,1.51,Лучаново
1293,799.0,1.51,Лучаново
1294,800.0,1.51,Лучаново
1295,1000.0,1.51,Лучаново
1296,824.0,1.51,Лучаново
1297,1020.0,1.51,Лучаново
1298,1000.0,1.51,Лучаново
1299,1000.0,1.51,Лучаново
1300,850.0,1.51,Лучаново
1301,1000.0,1.51,Лучаново
1302,800.0,1.51,Лучаново
1303,798.0,1.51,Лучаново
1304,1074.0,1.51,Лучаново
1305,1000.0,1.51,Лучаново
1306,795.0,1.51,Лучаново
1307,796.0,1.51,Лучаново
1308,920.0,1.51,Лучаново
1309,1000.0,1.51,Лучаново
1310,919.0,1.51,Лучаново
1311,801.0,1.51,Лучаново
1312,859.0,1.51,Лучаново
1313,800.0,1.51,Лучаново
1314,934.0,1.51,Лучаново
1315,811.0,1.51,Лучаново
1316,1000.0,1.51,Лучаново
1317,842.0,1.51,Лучаново
1318,937.0,1.51,Лучаново
1319,1000.0,1.51,Лучаново
1320,850.0,1.51,Лучаново
1321,786.0,1.51,Лучаново
1322,852.0,1.51,Лучаново
1323,850.0,1.51,Лучаново
1324,837.0,1.51,Лучаново
1325,986.0,1.51,Лучаново
1326,824.0,1.51,Лучаново
1327,850.0,1.51,Лучаново
1328,850.0,1.51,Лучаново
1329,1270.0,1.51,Лучаново
1330,801.0,1.51,Лучаново
1331,801.0,1.51,Лучаново
1332,1500.0,1.51,Лучаново
1333,1000.0,1.51,Лучаново
1334,823.0,1.51,Лучаново
1335,859.0,1.51,Лучаново
1336,1142.0,1.51,Лучаново
1337,862.0,1.51,Лучаново
1338,800.0,1.51,Лучаново
1339,858.0,1.51,Лучаново
1340,2586.0,1.51,Лучаново
1341,1050.0,1.51,Лучаново
1342,850.0,1.51,Лучаново
1343,1236.0,1.51,Лучаново
1344,736.0,1.51,Лучаново
1345,796.0,1.51,Лучаново
1346,850.0,1.51,Лучаново
1347,850.0,1.51,Лучаново
1348,1024.0,1.51,Лучаново
1349,800.0,1.51,Лучаново
1350,1016.0,1.51,Лучаново
1351,1004.0,1.51,Лучаново
1352,1050.0,1.51,Лучаново
1353,729.0,1.51,Лучаново
1354,819.0,1.51,Лучаново
1355,1020.0,1.51,Лучаново
1356,1000.0,1.51,Лучаново
1357,759.0,1.51,Лучаново
1358,850.0,1.51,Лучаново
1359,795.0,1.51,Лучаново
1360,1050.0,1.51,Лучаново
1361,1000.0,1.51,Лучаново
1362,1000.0,1.51,Лучаново
1363,5859.0,1.35,Берёзкино
1364,903.0,1.51,Лучаново
1365,850.0,1.51,Лучаново
1366,1000.0,1.51,Лучаново
1367,1000.0,1.51,Лучаново
1368,801.0,1.51,Лучаново
1369,858.0,1.51,Лучаново
1370,898.0,1.51,Лучаново
1371,1000.0,1.51,Лучаново
1372,811.0,1.51,Лучаново
1373,850.0,1.51,Лучаново
1374,1000.0,1.51,Лучаново
1375,854.0,1.51,Лучаново
1376,1400.0,1.51,Лучаново
1377,1050.0,1.51,Лучаново
1378,958.0,1.51,Лучаново
1379,1000.0,1.51,Лучаново
1380,841.0,1.51,Лучаново
1381,1120.0,1.51,Лучаново
1382,851.0,1.51,Лучаново
1383,819.0,1.51,Лучаново
1384,816.0,2.17,Губино
1385,905.0,2.17,Губино
1386,1000.0,1.51,Лучаново
1387,1438.0,1.51,Лучаново
1388,826.0,1.51,Лучаново
1389,1000.0,1.51,Лучаново
1390,1000.0,1.51,Лучаново
1391,1000.0,1.51,Лучаново
1392,1000.0,1.51,Лучаново
1393,1000.0,1.51,Лучаново
1394,801.0,1.51,Лучаново
1395,881.0,1.51,Лучаново
1396,887.0,1.51,Лучаново
1397,1000.0,1.51,Лучаново
1398,1000.0,1.51,Лучаново
1399,822.0,1.51,Лучаново
1400,1000.0,1.51,Лучаново
1401,1000.0,1.51,Лучаново
1402,854.0,1.51,Лучаново
1403,801.0,1.51,Лучаново
1404,800.0,1.51,Лучаново
1405,1000.0,1.51,Лучаново
1406,1005.0,1.51,Лучаново
1407,746.0,1.51,Лучаново
1408,853.0,1.51,Лучаново
1409,934.0,1.51,Лучаново
1410,1050.0,1.51,Лучаново
1411,1000.0,1.51,Лучаново
1412,801.0,1.51,Лучаново
1413,850.0,1.51,Лучаново
1414,800.0,1.51,Лучаново
1415,795.0,1.51,Лучаново
1416,1000.0,1.51,Лучаново
1417,829.0,1.51,Лучаново
1418,1000.0,1.51,Лучаново
1419,800.0,1.51,Лучаново
1420,1004.0,1.51,Лучаново
1421,1000.0,1.51,Лучаново
1422,850.0,1.51,Лучаново
1423,850.0,1.51,Лучаново
1424,964.0,1.51,Лучаново
1425,848.0,1.51,Лучаново
1426,1051.0,1.51,Лучаново
1427,795.0,1.51,Лучаново
1428,826.0,1.51,Лучаново
1429,800.0,1.51,Лучаново
1430,712.0,1.51,Лучаново
1431,1000.0,1.51,Лучаново
1432,889.0,1.51,Лучаново
1433,1000.0,1.51,Лучаново
1434,1291.0,1.51,Лучаново
1435,840.0,1.51,Лучаново
1436,1366.0,2.17,Губино
1437,803.0,2.17,Губино
1438,802.0,2.17,Губино
1439,725.0,2.17,Губино
1440,856.0,1.51,Лучаново
1441,1002.0,1.51,Лучаново
1442,1135.0,1.51,Лучаново
1443,852.0,1.51,Лучаново
1444,1050.0,1.51,Лучаново
1445,1000.0,1.51,Лучаново
1446,795.0,1.51,Лучаново
1447,919.0,1.51,Лучаново
1448,760.0,1.51,Лучаново
1449,877.0,1.51,Лучаново
1450,857.0,1.51,Лучаново
1451,1003.0,1.51,Лучаново
1452,985.0,1.51,Лучаново
1453,1000.0,1.51,Лучаново
1454,1000.0,1.51,Лучаново
1455,895.0,1.51,Лучаново
1456,1000.0,1.51,Лучаново
1457,1250.0,1.51,Лучаново
1458,858.0,1.51,Лучаново
1459,889.0,1.51,Лучаново
1460,1000.0,1.51,Лучаново
1461,1000.0,1.51,Лучаново
1462,1219.0,1.51,Лучаново
1463,1050.0,1.51,Лучаново
1464,1003.0,1.51,Лучаново
1465,800.0,1.51,Лучаново
1466,1000.0,1.51,Лучаново
1467,867.0,1.51,Лучаново
1468,850.0,1.51,Лучаново
1469,1000.0,1.51,Лучаново
1470,981.0,1.51,Лучаново
1471,824.0,1.51,Лучаново
1472,860.0,1.51,Лучаново
1473,639.0,1.51,Лучаново
1474,795.0,1.51,Лучаново
1475,1020.0,1.51,Лучаново
1476,850.0,1.51,Лучаново
1477,1000.0,1.51,Лучаново
1478,969.0,1.51,Лучаново
1479,1000.0,1.51,Лучаново
1480,1000.0,1.51,Лучаново
1481,1000.0,1.51,Лучаново
1482,1156.0,1.51,Лучаново
1483,902.0,1.51,Лучаново
1484,808.0,1.51,Лучаново
1485,1224.0,1.21,Барабинка
1486,3493.0,1.21,Барабинка
1487,1333.0,1.21,Барабинка
1488,88531.0,1.21,Барабинка
1489,900.0,1.21,Корнилово
1490,900.0,1.21,Корнилово
1491,900.0,1.21,Корнилово
1492,774.0,1.21,Корнилово
1493,800.0,1.21,Корнилово
1494,1147.0,1.21,Корнилово
1495,15014.0,1.89,Новомихайловка
1496,63190.0,0.16,Турунтаево
1497,217883.0,1.89,Аксёново
1498,152375.0,1.89,Аксёново
1499,3095482.0,0.16,Подломск
1500,26827.0,0.16,Подломск
1501,26029.0,0.16,Подломск
1502,2973.0,0.16,Подломск
1503,4418.0,0.16,Подломск
1504,7480.0,1.35,Лучаново
1505,400.0,1.35,Лучаново
1506,17472.0,1.21,Кисловка
1507,153461.0,1.21,Кисловка
1508,3984.0,1.21,Попадейкино
1509,4288627.0,1.21,Попадейкино
1510,1027.0,1.21,Лучаново
1511,955.0,1.21,Лучаново
1512,1048.0,1.21,Лучаново
1513,1058.0,1.21,Лучаново
1514,1057.0,1.21,Лучаново
1515,40999.0,1.89,Корнилово
1516,4594.0,1.21,Корнилово
1517,5246.0,1.21,Корнилово
1518,1000.0,1.21,Корнилово
1519,12752.0,1.21,Корнилово
1520,6000.0,1.21,Корнилово
1521,4000.0,1.21,Корнилово
1522,7227.0,1.21,Корнилово
1523,2588.0,1.21,Корнилово
1524,2690.0,1.21,Корнилово
1525,5000.0,1.21,Корнилово
1526,5618.0,1.21,Корнилово
1527,4800.0,1.21,Корнилово
1528,4400.0,1.21,Корнилово
1529,3450.0,1.21,Корнилово
1530,3300.0,1.21,Корнилово
1531,3345.0,1.89,Калтай
1532,3076.0,1.89,Калтай
1533,3011.0,1.89,Калтай
1534,3082.0,1.89,Калтай
1535,10086.0,1.89,Калтай
1536,42800.0,0.16,Турунтаево
1537,2061.0,0.16,Турунтаево
1538,2098656.0,0.16,Турунтаево
1539,113393.0,1.89,Поросино
1540,152309.0,1.89,Поросино
1541,12300.0,1.21,Корнилово
1542,835809.0,1.21,Кисловка
1543,170933.0,1.21,Кисловка
1544,900.0,1.21,Корнилово
1545,900.0,1.21,Корнилово
1546,774.0,1.21,Корнилово
1547,900.0,1.21,Корнилово
1548,900.0,1.21,Корнилово
1549,900.0,1.21,Корнилово
1550,900.0,1.21,Корнилово
1551,1193.0,1.21,Корнилово
1552,900.0,1.21,Корнилово
1553,700.0,1.21,Корнилово
1554,900.0,1.21,Корнилово
1555,900.0,1.21,Корнилово
1556,775.0,1.21,Корнилово
1557,900.0,1.21,Корнилово
1558,900.0,1.21,Корнилово
1559,900.0,1.21,Корнилово
1560,900.0,1.21,Корнилово
1561,900.0,1.21,Корнилово
1562,870.0,1.21,Корнилово
1563,900.0,1.21,Корнилово
1564,130168.0,0.16,Заречный (Малиновское СП)
1565,7322.0,0.16,Заречный (Малиновское СП)
1566,27254.0,0.16,Заречный (Малиновское СП)
1567,9544.0,0.16,Заречный (Малиновское СП)
1568,5115.0,0.16,Заречный (Малиновское СП)
1569,5235.0,0.16,Заречный (Малиновское СП)
1570,3869.0,0.16,Заречный (Малиновское СП)
1571,43377.0,0.16,Заречный (Малиновское СП)
1572,3668.0,0.16,Заречный (Малиновское СП)
1573,3337.0,0.16,Заречный (Малиновское СП)
1574,245758.0,0.16,Заречный (Малиновское СП)
1575,175.0,1.21,Кисловка
1576,1464.0,1.21,Попадейкино
1577,5271215.0,1.21,Попадейкино
1578,1823644.0,1.21,Попадейкино
1579,803831.0,1.21,Попадейкино
1580,2949.0,1.21,Попадейкино
1581,297.0,1.21,Кисловка
1582,407.0,1.21,Кисловка
1583,551.0,1.21,Кисловка
1584,563.0,1.21,Кисловка
1585,129893.0,1.21,Кисловка
1586,3660.0,1.21,Кисловка
1587,280.0,1.21,Кисловка
1588,285.0,1.21,Кисловка
1589,290.0,1.21,Кисловка
1590,272.0,1.21,Кисловка
1591,219.0,1.21,Кисловка
1592,357.0,1.21,Кисловка
1593,269.0,1.21,Кисловка
1594,358.0,1.21,Кисловка
1595,275.0,1.21,Кисловка
1596,376.0,1.21,Кисловка
1597,431.0,1.21,Кисловка
1598,371.0,1.21,Кисловка
1599,209.0,1.21,Кисловка
1600,301.0,1.21,Кисловка
1601,359.0,1.21,Кисловка
1602,356.0,1.21,Кисловка
1603,189.0,1.21,Кисловка
1604,274.0,1.21,Кисловка
1605,197.0,1.21,Кисловка
1606,263.0,1.21,Кисловка
1607,188.0,1.21,Кисловка
1608,274.0,1.21,Кисловка
1609,277.0,1.21,Кисловка
1610,405.0,1.21,Кисловка
1611,291.0,1.21,Кисловка
1612,250.0,1.21,Кисловка
1613,194.0,1.21,Кисловка
1614,259.0,1.21,Кисловка
1615,264.0,1.21,Кисловка
1616,188.0,1.21,Кисловка
1617,287.0,1.21,Кисловка
1618,322.0,1.21,Кисловка
1619,288.0,1.21,Кисловка
1620,290.0,1.21,Кисловка
1621,215.0,1.21,Кисловка
1622,315.0,1.21,Кисловка
1623,316.0,1.21,Кисловка
1624,235.0,1.21,Кисловка
1625,315.0,1.21,Кисловка
1626,224.0,1.21,Кисловка
1627,339.0,1.21,Кисловка
1628,356.0,1.21,Кисловка
1629,13.0,1.21,Кисловка
1630,656.0,1.21,Кисловка
1631,345.0,1.21,Кисловка
1632,278.0,1.21,Кисловка
1633,397.0,1.21,Кисловка
1634,625.0,1.21,Кисловка
1635,1021.0,1.21,Лучаново
1636,1014.0,1.21,Лучаново
1637,1013.0,1.21,Лучаново
1638,1015.0,1.21,Лучаново
1639,1042.0,1.21,Лучаново
1640,1042.0,1.21,Лучаново
1641,1042.0,1.21,Лучаново
1642,1042.0,1.21,Лучаново
1643,1044.0,1.21,Лучаново
1644,1030.0,1.21,Лучаново
1645,1276.0,1.21,Лучаново
1646,1276.0,1.21,Лучаново
1647,1100.0,1.21,Лучаново
1648,1100.0,1.21,Лучаново
1649,1100.0,1.21,Лучаново
1650,1100.0,1.21,Лучаново
1651,1100.0,1.21,Лучаново
1652,1100.0,1.21,Лучаново
1653,1143.0,1.21,Лучаново
1654,1066.0,1.21,Лучаново
1655,1065.0,1.21,Лучаново
1656,1035.0,1.21,Лучаново
1657,873.0,1.21,Лучаново
1658,894.0,1.21,Лучаново
1659,940.0,1.21,Лучаново
1660,988.0,1.21,Лучаново
1661,478.0,1.21,Лучаново
1662,1056.0,1.21,Лучаново
1663,39052.0,1.21,Кисловка
1664,6142.0,1.21,Кисловка
1665,26327.0,1.21,Кисловка
1666,1154.0,1.21,Кисловка
1667,8628.0,1.89,Воронино
1668,14372.0,1.89,Воронино
1669,67489.0,1.21,Кисловка
1670,45258.0,1.21,Кисловка
1671,35119.0,1.21,Кисловка
1672,14156.0,1.21,Кисловка
1673,62211.0,1.21,Кисловка
1674,45530.0,1.21,Кисловка
1675,2681.0,1.21,Кисловка
1676,72675.0,1.21,Кисловка
1677,57453.0,1.21,Кисловка
1678,135758.0,1.21,Кисловка
1679,37773.0,1.21,Кисловка
1680,64496.0,1.21,Кисловка
1681,3754.0,1.21,Кисловка
1682,32888.0,1.21,Кисловка
1683,45150.0,1.21,Кисловка
1684,24495.0,1.21,Кисловка
1685,30124.0,1.21,Кисловка
1686,3753.0,1.21,Кисловка
1687,149708.0,1.21,Кисловка
1688,10885.0,1.51,Лязгино
1689,4107.0,1.51,Лязгино
1690,217487.0,1.89,Мирный
1691,6075.0,1.89,Мирный
1692,620582.0,1.89,Мирный
1693,12074.0,1.89,Мирный
